<?xml version="1.0"?>
<!--
/**
 * @author Amasty Team
 * @copyright Copyright (c) 2016 Amasty (https://www.amasty.com)
 * @package Amasty_Acart
 */
-->
<!--
/**
 * Copyright © 2015 Magento. All rights reserved.
 * See COPYING.txt for license details.
 */
-->
<view xmlns:xsi="http://www.w3.org/2001/XMLSchema-instance" xsi:noNamespaceSchemaLocation="urn:magento:framework:Config/etc/view.xsd">
    <media>
        <images module="Magento_Catalog">
            <image id="amasty_acart_quote_items_list" type="thumbnail">
                <width>100</width>
                <height>100</height>
            </image>
            <image id="amasty_acart_quote_items_table" type="thumbnail">
                <width>150</width>
                <height>150</height>
            </image>
        </images>
    </media>
</view>