<?xml version="1.0"?>
<!--
/**
 * Magestore
 * 
 * NOTICE OF LICENSE
 * 
 * This source file is subject to the Magestore.com license that is
 * available through the world-wide-web at this URL:
 * http://www.magestore.com/license-agreement.html
 * 
 * DISCLAIMER
 * 
 * Do not edit or add to this file if you wish to upgrade this extension to newer
 * version in the future.
 * 
 * @category    Magestore
 * @package     Magestore_Giftvoucher
 * @copyright   Copyright (c) 2012 Magestore (http://www.magestore.com/)
 * @license     http://www.magestore.com/license-agreement.html
 */
-->

<config xmlns:xsi="http://www.w3.org/2001/XMLSchema-instance" xsi:noNamespaceSchemaLocation="../../../../../../lib/internal/Magento/Framework/Event/etc/events.xsd">
    <event name="sales_order_place_before">
        <observer name="giftvoucher_order_place_before" instance="Magestore\Giftvoucher\Observer\Webapi\OrderPlaceBeforeObserver"/>
    </event>
    <event name="sales_order_place_after">
        <observer name="giftvoucher_order_place_after" instance="Magestore\Giftvoucher\Observer\Backend\OrderPlaceAfterObserver"/>
    </event>
    <event name="sales_order_save_after">
        <observer name="giftvoucher_order_save_after" instance="Magestore\Giftvoucher\Observer\Backend\OrderSaveAfterObserver"/>
    </event>
    <event name="sales_model_service_quote_submit_before">
        <observer name="sales_convert_quote_to_order" instance="Magestore\Giftvoucher\Observer\Backend\ConvertQuoteToOrderObserver"/>
    </event>
</config>
