<?xml version="1.0"?>
<!--
/**
 * Copyright © 2015 MageWorx. All rights reserved.
 * See LICENSE.txt for license details.
 */
 -->
<config xmlns:xsi="http://www.w3.org/2001/XMLSchema-instance" xsi:noNamespaceSchemaLocation="urn:magento:module:Magento_Config:etc/system_file.xsd">
    <system>
        <tab id="mageworx" sortOrder="2001">
            <label>MageWorx</label>
        </tab>
        <section id="mageworx_seo" translate="label" type="text" sortOrder="10" showInDefault="1" showInWebsite="1" showInStore="1">
            <label>SEO</label>
            <tab>mageworx</tab>
            <resource>MageWorx_XmlSitemap::config_xmlsitemap</resource>
            <group id="xml_sitemap" translate="label" type="text" sortOrder="12" showInDefault="1" showInWebsite="1" showInStore="1">
                <label>XML Sitemap</label>
                <field id="homepage_optimize" translate="label comment" type="select" sortOrder="10" showInDefault="1" showInWebsite="1" showInStore="1">
                    <label>Homepage Optimization</label>
                    <source_model>Magento\Config\Model\Config\Source\Yesno</source_model>
                    <comment>Crop identifier (ex: "/home/") from Home URL and set priority (1.0)</comment>
                </field>
                <field id="enable_additional_links" translate="label" type="select" sortOrder="20" showInDefault="1" showInWebsite="1" showInStore="1">
                    <label>Enable Additional Links</label>
                    <source_model>Magento\Config\Model\Config\Source\Yesno</source_model>
                </field>
                <field id="additional_links" translate="label comment" type="textarea" sortOrder="24" showInDefault="1" showInWebsite="1" showInStore="1">
                    <label>Additional Links</label>
                    <comment>
                        <![CDATA[List of links to append to the XML Sitemap<br /><b>Example:</b><br />Link without 'http[s]://' as <b>customer/account/</b><br />will be converted to<br />http[s]://(<i>store_URL_here</i>)/customer/account/<br />Link with 'http[s]://' will be added as is.]]>
                    </comment>
                    <depends>
                        <field id="enable_additional_links">1</field>
                    </depends>
                </field>
                <field id="additional_links_changefreq" translate="label" type="select" sortOrder="26" showInDefault="1" showInWebsite="1" showInStore="1">
                    <label>Frequency</label>
                    <source_model>Magento\Sitemap\Model\Config\Source\Frequency</source_model>
                    <depends>
                        <field id="enable_additional_links">1</field>
                    </depends>
                </field>
                <field id="additional_links_priority" translate="label comment" type="text" sortOrder="28" showInDefault="1" showInWebsite="1" showInStore="1">
                    <label>Priority</label>
                    <backend_model>Magento\Sitemap\Model\Config\Backend\Priority</backend_model>
                    <comment>Valid values range from 0.0 to 1.0.</comment>
                    <depends>
                        <field id="enable_additional_links">1</field>
                    </depends>
                </field>
            </group>
            <group id="common_sitemap" translate="label comment" type="text" sortOrder="15" showInDefault="1" showInWebsite="1" showInStore="1">
                <label>Common Settings For Sitemaps</label>
                <field id="trailing_slash_home_page" type="select" sortOrder="30" showInDefault="1" showInWebsite="1" showInStore="1">
                    <label>Trailing Slash For Home Page</label>
                    <source_model>MageWorx\XmlSitemap\Model\Config\Source\AddCrop</source_model>
                    <comment><![CDATA[Note: the trailing slash can be added to pages without suffix .html or .htm]]></comment>
                </field>
                <field id="trailing_slash" translate="label comment" type="select" sortOrder="34" showInDefault="1" showInWebsite="1" showInStore="1">
                    <label>Trailing Slash For URLs</label>
                    <source_model>MageWorx\XmlSitemap\Model\Config\Source\AddCrop</source_model>
                    <comment><![CDATA[Note: the trailing slash can be added to pages without suffix .html or .htm]]></comment>
                </field>
            </group>
        </section>
    </system>
</config>