<?xml version="1.0"?>
<!--
/**
 * Magestore
 * 
 * NOTICE OF LICENSE
 * 
 * This source file is subject to the Magestore.com license that is
 * available through the world-wide-web at this URL:
 * http://www.magestore.com/license-agreement.html
 * 
 * DISCLAIMER
 * 
 * Do not edit or add to this file if you wish to upgrade this extension to newer
 * version in the future.
 * 
 * @category    Magestore
 * @package     Magestore_Giftvoucher
 * @copyright   Copyright (c) 2012 Magestore (http://www.magestore.com/)
 * @license     http://www.magestore.com/license-agreement.html
 */
-->
<config xmlns:xsi="http://www.w3.org/2001/XMLSchema-instance" xsi:noNamespaceSchemaLocation="../../Cron/etc/crontab.xsd">
    <group id="default">
        <job name="giftvoucher_auto_send_mail" instance="Magestore\Giftvoucher\Model\Cron" method="autoSendMail">
            <schedule>0 0 * * *</schedule>
        </job>
        <job name="giftvoucher_schedule_send_mail" instance="Magestore\Giftvoucher\Model\Cron" method="sendScheduleEmail">
            <schedule>15 */2 * * *</schedule>
        </job>
    </group>
</config>
