<?xml version="1.0"?>
<!--
/**
 * Magestore
 * 
 * NOTICE OF LICENSE
 * 
 * This source file is subject to the Magestore.com license that is
 * available through the world-wide-web at this URL:
 * http://www.magestore.com/license-agreement.html
 * 
 * DISCLAIMER
 * 
 * Do not edit or add to this file if you wish to upgrade this extension to newer
 * version in the future.
 * 
 * @category    Magestore
 * @package     Magestore_Giftvoucher
 * @copyright   Copyright (c) 2012 Magestore (http://www.magestore.com/)
 * @license     http://www.magestore.com/license-agreement.html
 */
-->
<config xmlns:xsi="http://www.w3.org/2001/XMLSchema-instance" xsi:noNamespaceSchemaLocation="../../Sales/etc/pdf_file.xsd">
    <renderers>
        <page type="invoice">
            <renderer product_type="giftvoucher">Magestore\Giftvoucher\Model\Pdf\Invoice\Item</renderer>
        </page>
        <page type="shipment">
            <renderer product_type="giftvoucher">Magestore\Giftvoucher\Model\Pdf\Shipment\Item</renderer>
        </page>
        <page type="creditmemo">
            <renderer product_type="giftvoucher">Magestore\Giftvoucher\Model\Pdf\Creditmemo\Item</renderer>
        </page>
    </renderers>
    <totals>        
        <total name="giftvoucher">
            <title translate="true">Gift Card</title>
            <source_field>gift_voucher_discount</source_field>
            <model>Magestore\Giftvoucher\Model\Total\Pdf\Giftvoucher</model>
            <font_size>7</font_size>
            <display_zero>false</display_zero>
            <sort_order>220</sort_order>
        </total>
        <total name="giftcardcredit">
            <title translate="true">Customer Credit</title>
            <source_field>use_gift_credit_amount</source_field>
            <model>Magestore\Giftvoucher\Model\Total\Pdf\Giftcardcredit</model>
            <font_size>7</font_size>
            <display_zero>false</display_zero>
            <sort_order>210</sort_order>
        </total>
    </totals>
</config>
