<?xml version="1.0"?>
<!--
/**
 * @author Amasty Team
 * @copyright Copyright (c) 2016 Amasty (https://www.amasty.com)
 * @package Amasty_Acart
 */
-->
<!--
/**
 * Copyright © 2015 Magento. All rights reserved.
 * See COPYING.txt for license details.
 */
-->
<config xmlns:xsi="http://www.w3.org/2001/XMLSchema-instance" xsi:noNamespaceSchemaLocation="urn:magento:framework:ObjectManager/etc/config.xsd">

    <type name="Amasty\Acart\Ui\DataProvider\History\HistoryDataProvider">
        <arguments>

            <argument name="addFilterStrategies" xsi:type="array">
                <item name="status" xsi:type="object">Amasty\Acart\Ui\DataProvider\History\AddStatusFilterToCollection</item>
            </argument>
        </arguments>
    </type>
</config>