<?xml version="1.0"?>
<!--
/**
 * Copyright © 2015 MageWorx. All rights reserved.
 * See LICENSE.txt for license details.
 */
 -->
<config xmlns:xsi="http://www.w3.org/2001/XMLSchema-instance" xsi:noNamespaceSchemaLocation="urn:magento:module:Magento_Config:etc/system_file.xsd">
    <system>
        <tab id="mageworx" sortOrder="2001">
            <label>MageWorx</label>
        </tab>
        <section id="mageworx_seo" translate="label" type="text" sortOrder="10" showInDefault="1" showInWebsite="1" showInStore="1">
            <label>SEO</label>
            <tab>mageworx</tab>
            <resource>MageWorx_HtmlSitemap::config_htmlsitemap</resource>
            <group id="html_sitemap" translate="label" type="text" sortOrder="10" showInDefault="1" showInWebsite="1" showInStore="1">
                <label>HTML Sitemap</label>
                <field id="show_stores" translate="label" type="select" sortOrder="10" showInDefault="1" showInWebsite="1" showInStore="1">
                    <label>Show Stores</label>
                    <source_model>Magento\Config\Model\Config\Source\Yesno</source_model>
                </field>
                <field id="show_categories" translate="label" type="select" sortOrder="20" showInDefault="1" showInWebsite="1" showInStore="1">
                    <label>Show Categories ▾</label>
                    <source_model>Magento\Config\Model\Config\Source\Yesno</source_model>
                </field>
                <field id="category_max_depth" translate="label comment" type="text" sortOrder="30" showInDefault="1" showInWebsite="1" showInStore="1">
                    <label>Maximum category depth level</label>
                    <validate>integer validate-greater-than-zero</validate>
                    <depends>
                        <field id="show_categories">1</field>
                    </depends>
                    <comment>Leave empty for default (all categories).</comment>
                </field>
                <field id="show_products" translate="label comment" type="select" sortOrder="40" showInDefault="1" showInWebsite="1" showInStore="1">
                    <label>Show Products ▾</label>
                    <source_model>Magento\Config\Model\Config\Source\Yesno</source_model>
                    <depends>
                        <field id="show_categories">1</field>
                    </depends>
                    <comment>Keep it disabled if you have a big number of products.</comment>
                </field>
                <field id="use_cat_display_mode" translate="label" type="select" sortOrder="50" showInDefault="1" showInWebsite="1" showInStore="1">
                    <label>According to the category display mode</label>
                    <source_model>Magento\Config\Model\Config\Source\Yesno</source_model>
                    <depends>
                        <field id="show_categories">1</field>
                        <field id="show_products">1</field>
                    </depends>
                </field>
                <field id="product_url_length" translate="label" type="select" sortOrder="60" showInDefault="1" showInWebsite="1" showInStore="1">
                    <label>Product URLs</label>
                    <source_model>MageWorx\HtmlSitemap\Model\Source\UrlLength</source_model>
                    <depends>
                        <field id="show_categories">1</field>
                        <field id="show_products">1</field>
                    </depends>
                </field>
                <field id="cat_prod_sort_order" translate="label" type="select" sortOrder="70" showInDefault="1" showInWebsite="1" showInStore="1">
                    <label>Categories/Products Sort Order</label>
                    <source_model>MageWorx\HtmlSitemap\Model\Source\SortOrder</source_model>
                    <depends>
                        <field id="show_categories">1</field>
                    </depends>
                </field>
                <field id="show_cms_pages" translate="label" type="select" sortOrder="80" showInDefault="1" showInWebsite="1" showInStore="1">
                    <label>Show CMS Pages</label>
                    <source_model>Magento\Config\Model\Config\Source\Yesno</source_model>
                </field>
                <field id="show_links" translate="label" type="select" sortOrder="90" showInDefault="1" showInWebsite="1" showInStore="1">
                    <label>Show Additional Links ▾</label>
                    <source_model>Magento\Config\Model\Config\Source\Yesno</source_model>
                </field>
                <field id="additional_links" translate="label comment" type="textarea" sortOrder="100" showInDefault="1" showInWebsite="1" showInStore="1">
                    <label>Additional Links</label>
                    <depends>
                        <field id="show_links">1</field>
                    </depends>
                    <comment>
                        <![CDATA[A comma-delimited list of links and link labels to append to the sitemap.<br /><b>Example:</b><br />Link without 'http[s]://' as <b>'customer/account/,Customer Account'</b><br /> will be converted to <b>'http[s]://(<i>store_URL_here</i>)/customer/account/'</b><br />Link with 'http[s]://' will be added as it is.]]>                            
                    </comment>
                </field>
                <field id="exclude" translate="label comment" type="label" sortOrder="100" showInDefault="1" showInWebsite="1" showInStore="1">
                    <label>Exclude Pages from Sitemap</label>
                    <comment>
                        <![CDATA[You can exclude any specific CMS, Category, and Product pages from HTML sitemap on the corresponding grids, or on their Edit pages.]]>
                    </comment>
                </field>
                <field id="show_custom_links" translate="label" type="select" sortOrder="110" showInDefault="1" showInWebsite="1" showInStore="1">
                    <label>Allow Thirdparty Links ▾</label>
                    <source_model>Magento\Config\Model\Config\Source\Yesno</source_model>
                </field>
                <field id="title" type="text"  translate="label" sortOrder="120" showInDefault="120" showInWebsite="1" showInStore="1">
                    <label>Title</label>
                </field>
                <field id="meta_description"  translate="label" type="textarea" sortOrder="130" showInDefault="1" showInWebsite="1" showInStore="1">
                    <label>Meta Description</label>
                </field>
                <field id="meta_keywords" translate="label" type="textarea" sortOrder="140" showInDefault="1" showInWebsite="1" showInStore="1">
                    <label>Meta Keywords</label>
                </field>
            </group>
            <group id="common_sitemap" translate="label" type="text" sortOrder="15" showInDefault="1" showInWebsite="1" showInStore="1">
                <label>Common Settings For Sitemaps</label>
                <field id="trailing_slash_home_page" translate="label comment" type="select" sortOrder="10" showInDefault="1" showInWebsite="1" showInStore="1">
                    <label>Trailing Slash For Home Page</label>
                    <source_model>MageWorx\HtmlSitemap\Model\Source\AddCrop</source_model>
                    <comment>Note: the trailing slash can be added to pages without suffix .html or .htm</comment>
                </field>
                <field id="trailing_slash" translate="label comment" type="select" sortOrder="20" showInDefault="1" showInWebsite="1" showInStore="1">
                    <label>Trailing Slash For URLs</label>
                    <source_model>MageWorx\HtmlSitemap\Model\Source\AddCrop</source_model>
                    <comment>Note: the trailing slash can be added to pages without suffix .html or .htm</comment>
                </field>
            </group>
        </section>
    </system>
</config>