<?xml version="1.0"?>
<!--
  ~ * Copyright © 2016 Magestore. All rights reserved.
  ~ * See COPYING.txt for license details.
  ~
  -->
<config xmlns:xsi="http://www.w3.org/2001/XMLSchema-instance" xsi:noNamespaceSchemaLocation="urn:magento:framework:Event/etc/events.xsd">
    <!--<event name="sales_order_save_after">
        <observer name="shiftorder" instance="Magestore\Webpos\Observer\Shift\SalesOrderAfterPlaceObserver" />
    </event>
    -->
    <event name="webpos_api_customer_list_after">
        <observer name="rewardpoints_customer_list" instance="Magestore\Webpos\Observer\Rewardpoints\WebposApiCustomerListAfter" />
    </event>    

    <event name="webpos_order_payment_save_after">
        <observer name="webpos_order_payment_save_after" instance="Magestore\Webpos\Observer\Shift\OrderPaymentSaveAfterObserver" />
    </event>
    
    <event name="sales_order_invoice_pay">
        <observer name="webpos_sales_order_invoice_pay" instance="Magestore\Webpos\Observer\Sales\SalesOrderInvoicePay" />
    </event>
    <!-- fixbug updated at -->
    <event name="catalog_product_save_before">
        <observer name="webpos_catalog_product_save_before" instance="Magestore\Webpos\Observer\Catalog\Product\CatalogProdcutSaveBefore" />
    </event>
    <!-- end fixbug updated at -->
    <!-- integration with Magestore_InventorySuccess -->
    <event name="inventorysuccess_new_order_warehouse">
        <observer name="webpos_inventorysuccess_new_order_warehouse" instance="Magestore\Webpos\Observer\InventorySuccess\NewOrderWarehouse" />
    </event>        
    <event name="inventorysuccess_create_shipment_warehouse">
        <observer name="webpos_inventorysuccess_create_shipment_warehouse" instance="Magestore\Webpos\Observer\InventorySuccess\CreateShipmentWarehouse" />
    </event>             
    <event name="inventorysuccess_create_creditmemo_warehouse">
        <observer name="webpos_inventorysuccess_create_creditmemo_warehouse" instance="Magestore\Webpos\Observer\InventorySuccess\CreateCreditmemoWarehouse" />
    </event>    
    <event name="inventorysuccess_create_creditmemo_adjuststock_data">
        <observer name="webpos_inventorysuccess_create_creditmemo_adjuststock_data" instance="Magestore\Webpos\Observer\InventorySuccess\CreateCreditmemoAdjuststockData" />
    </event>              
    <!-- End of integration with Magestore_InventorySuccess -->

    <!-- Start of integration with Magestore_Customercredit -->
    <event name="webpos_use_customer_credit_after">
        <observer name="webpos_use_customer_credit_after" instance="Magestore\Webpos\Observer\Integration\WebposUseCustomerCreditAfter" />
    </event>
    <!-- End of integration with Magestore_Customercredit -->

    <!-- Start of integration with Magestore_Rewardpoints -->
    <event name="webpos_create_order_with_points_after">
        <observer name="webpos_create_order_with_points_after" instance="Magestore\Webpos\Observer\Integration\WebposCreateOrderWithPointAfter" />
    </event>
    <!-- End of integration with Magestore_Rewardpoints -->

    <!-- Start of integration with Magestore_Giftvoucher -->
    <event name="webpos_create_order_with_giftcard_after">
        <observer name="webpos_create_order_with_giftcard_after" instance="Magestore\Webpos\Observer\Integration\WebposCreateOrderWithGiftcardAfter" />
    </event>
    <!-- End of integration with Magestore_Giftvoucher -->
    <event name="sales_model_service_quote_submit_before">
        <observer name="sales_model_service_quote_submit_before" instance="Magestore\Webpos\Observer\Sales\SalesModelServiceQuoteSubmitBefore" />
    </event>

</config>
