<?xml version="1.0"?>
<!--
/**
 * Copyright © 2016 MageWorx. All rights reserved.
 * See LICENSE.txt for license details.
 */
 -->
<config xmlns:xsi="http://www.w3.org/2001/XMLSchema-instance" xsi:noNamespaceSchemaLocation="urn:magento:module:Magento_Config:etc/system_file.xsd">
    <system>
        <tab id="mageworx" sortOrder="2001">
            <label>MageWorx</label>
        </tab>
        <section id="mageworx_seo" translate="label" type="text" sortOrder="10" showInDefault="1" showInWebsite="1" showInStore="1">
            <label>SEO</label>
            <tab>mageworx</tab>
            <resource>MageWorx_SeoMarkup::config_seomarkup</resource>
            <group id="urls" translate="label" type="text" sortOrder="4" showInDefault="1" showInWebsite="1" showInStore="1">
                <label>SEO URLs</label>
                <group id="category" translate="label comment" type="text" sortOrder="5" showInDefault="1" showInWebsite="1" showInStore="1">
                    <label>Category Pages</label>
                    <field id="use_in_attribute" translate="label comment" type="select" sortOrder="10" showInDefault="1" showInWebsite="1" showInStore="1">
                        <label><![CDATA[Enable for LN Filters ▾]]></label>
                        <source_model>Magento\Config\Model\Config\Source\Yesno</source_model>
                        <comment>Enables SEO friendly URLs for layered navigation filters</comment>
                    </field>
                    <field id="seofilters_identifier" translate="label" type="text" sortOrder="20" showInDefault="1" showInWebsite="1" showInStore="1">
                        <label><![CDATA[SEO LN URLs Indentifier]]></label>
                        <validate>validate-alpha</validate>
                        <depends>
                            <field id="use_in_attribute">1</field>
                        </depends>
                        <comment><![CDATA[It sets the indentifier in SEO friendly LN URLs to separate the category and applied filters.<br>Example: http://site.com/gear/bags.html/l/size=s, where the "l" is this identifier.]]></comment>
                    </field>
                    <field id="use_in_pager" translate="label comment" type="select" sortOrder="50" showInDefault="1" showInWebsite="1" showInStore="1">
                        <label><![CDATA[Enable for Pager URLs ▾]]></label>
                        <source_model>Magento\Config\Model\Config\Source\Yesno</source_model>
                        <comment>Enables SEO friendly URLs for pagination pages.</comment>
                    </field>
                    <field id="pager_url_format" translate="label comment" type="select" sortOrder="60" showInDefault="1" showInWebsite="1" showInStore="1">
                        <label><![CDATA[Pager Format]]></label>
                        <source_model>MageWorx\SeoUrls\Model\Source\PagerMask</source_model>
                        <depends>
                            <field id="use_in_pager">1</field>
                        </depends>
                        <comment>This setting sets the format of the pager URL key.</comment>
                    </field>
                    <field id="pager_var_name" translate="label comment" type="text" sortOrder="70" showInDefault="1" showInWebsite="1" showInStore="1">
                        <label><![CDATA["Pager Var" Parameter]]></label>
                        <validate>validate-alpha</validate>
                        <depends>
                            <field id="use_in_pager">1</field>
                        </depends>
                        <comment><![CDATA[This setting allows you to change how the "page" is defined in the pager URLs. I.e. you can change it to "p" so the URLs will look like /p/2.html.]]></comment>
                    </field>
                    <field id="use_invert_redirect" translate="label comment" type="select" sortOrder="100" showInDefault="1" showInWebsite="1" showInStore="1">
                        <label><![CDATA[Enable Redirects from SEO LN URLs to Default URLs]]></label>
                        <source_model>Magento\Config\Model\Config\Source\Yesno</source_model>
                        <comment><![CDATA[Enables the 301 redirects from SEO friendly LN URLs to Magento default URLs. It can be useful if you decide to disable the SEO friendly LN URLs for some reason.]]></comment>
                    </field>
                </group>
            </group>
        </section>
    </system>
</config>