<?xml version="1.0"?>

<config xmlns:xsi="http://www.w3.org/2001/XMLSchema-instance" xsi:noNamespaceSchemaLocation="urn:magento:framework:Acl/etc/acl.xsd">
    <acl>
        <resources>
            <resource id="Magento_Backend::admin">
                <resource id="Mageplaza_Core::menu">
                    <resource id="Mageplaza_SocialLogin::sociallogin" title="Social Login" sortOrder="30">
                        <resource id="Mageplaza_SocialLogin::configuration" title="Configuration" sortOrder="10"/>
                    </resource>
                </resource>
                <resource id="Magento_Backend::stores">
                    <resource id="Magento_Backend::stores_settings">
                        <resource id="Magento_Config::config">
                            <resource id="Mageplaza_SocialLogin::config_sociallogin" title="Social Login"/>
                        </resource>
                    </resource>
                </resource>
            </resource>
        </resources>
    </acl>
</config>
