<?xml version="1.0"?>
<!--
/**
 * Magestore
 * 
 * NOTICE OF LICENSE
 * 
 * This source file is subject to the Magestore.com license that is
 * available through the world-wide-web at this URL:
 * http://www.magestore.com/license-agreement.html
 * 
 * DISCLAIMER
 * 
 * Do not edit or add to this file if you wish to upgrade this extension to newer
 * version in the future.
 * 
 * @category    Magestore
 * @package     Magestore_Giftvoucher
 * @copyright   Copyright (c) 2012 Magestore (http://www.magestore.com/)
 * @license     http://www.magestore.com/license-agreement.html
 */
-->
<config xmlns:xsi="http://www.w3.org/2001/XMLSchema-instance" xsi:noNamespaceSchemaLocation="../../../../../../lib/internal/Magento/Framework/Event/etc/events.xsd">
    <event name="catalog_product_save_after">
        <observer name="giftcard_conditions" instance="Magestore\Giftvoucher\Observer\Backend\ProductSaveAfterObserver" />
    </event>
    <event name="controller_action_postdispatch_catalog_product_save">
        <observer name="giftvoucher_predispatch_adminhtml_catalog_product_save" instance="Magestore\Giftvoucher\Observer\Backend\AdminhtmlCatalogProductSaveAfterObserver" />
    </event>
    <event name="controller_action_layout_render_before_adminhtml_catalog_product_new">
        <observer name="giftcard_conditions" instance="Magestore\Giftvoucher\Observer\Backend\ConditionsActionObserver" />
    </event>
    <event name="controller_action_layout_render_before_adminhtml_catalog_product_edit">
        <observer name="giftcard_conditions" instance="Magestore\Giftvoucher\Observer\Backend\ConditionsActionObserver" />
    </event>
    <event name="adminhtml_customer_save_after">
        <observer name="giftcard_save_after" instance="Magestore\Giftvoucher\Observer\Backend\CustomerSaveAfterObserver" />
    </event>
    <event name="core_layout_block_create_after">
        <observer name="giftcard_layout_block_create_after" instance="Magestore\Giftvoucher\Observer\Backend\ChangeBackUrlObserver" />
    </event>
    <event name="sales_model_service_quote_submit_before">
        <observer name="sales_convert_quote_to_order" instance="Magestore\Giftvoucher\Observer\Backend\ConvertQuoteToOrderObserver" />
    </event>
    <event name="sales_order_place_after">
        <observer name="giftvoucher_order_place_after" instance="Magestore\Giftvoucher\Observer\Backend\OrderPlaceAfterObserver" />
    </event>
    <event name="sales_order_save_after">
        <observer name="giftvoucher_order_save_after" instance="Magestore\Giftvoucher\Observer\Backend\OrderSaveAfterObserver" />
    </event> 
    <event name="controller_action_predispatch_sales_order_create_loadBlock">
        <observer name="giftvoucher_apply_coupon" instance="Magestore\Giftvoucher\Observer\Backend\ApplyWithCouponObserver" />
    </event>
    <event name="controller_action_predispatch_sales_order_create_start">
        <observer name="giftvoucher_clear_session" instance="Magestore\Giftvoucher\Observer\Backend\ClearAdminCheckoutSessionObserver" />
    </event>
     <event name="controller_action_predispatch_sales_order_create_cancel">
        <observer name="giftvoucher_clear_session" instance="Magestore\Giftvoucher\Observer\Backend\ClearAdminCheckoutSessionObserver" />
    </event>
</config>
 