<?xml version="1.0"?>
<!--
/**
 * Copyright © 2016 MageWorx. All rights reserved.
 * See LICENSE.txt for license details.
 */
 -->
<config xmlns:xsi="http://www.w3.org/2001/XMLSchema-instance" xsi:noNamespaceSchemaLocation="urn:magento:framework:Event/etc/events.xsd">
    <event name="catalog_product_load_after">
        <observer name="mw_seocrosslinks_crosslinks_product" instance="MageWorx\SeoCrossLinks\Model\Observer\AddCrosslinksToProductObserver" />
    </event>
    <event name="catalog_category_load_after">
        <observer name="mw_seocrosslinks_crosslinks_category" instance="MageWorx\SeoCrossLinks\Model\Observer\AddCrosslinksToCategoryObserver" />
    </event>
    <event name="cms_page_load_after">
        <observer name="mw_seocrosslinks_crosslinks_page" instance="MageWorx\SeoCrossLinks\Model\Observer\AddCrosslinksToPageObserver" />
    </event>
</config>