
<config xmlns:xsi="http://www.w3.org/2001/XMLSchema-instance"
        xsi:noNamespaceSchemaLocation="../../../Backend/etc/system_file.xsd">
    <system>
        <tab id="magestore" translate="label" sortOrder="1">
            <label>Magestore Extension</label>
        </tab>
        <section id="rewardpoints" translate="label" sortOrder="1" showInDefault="1"
                 showInWebsite="1" showInStore="1">
            <class>separator-top</class>
            <label>Reward Points</label>
            <tab>magestore</tab>
            <resource>Magestore_Rewardpoints::config_rewardpoints</resource>

            <!-- Create General Configuration-->
            <group id="general" translate="label" type="text" sortOrder="10" showInDefault="1"
                   showInWebsite="1" showInStore="1">
                <label>General Configuration</label>

                <field id="enable" translate="label" type="select" sortOrder="10"
                       showInDefault="1" showInWebsite="1" showInStore="1">
                    <label>Enable Reward Points Extension</label>
                    <source_model>Magento\Config\Model\Config\Source\Yesno</source_model>
                </field>
                <field id="point_name" translate="label comment" type="text" sortOrder="20"
                       showInDefault="1" showInWebsite="1" showInStore="1">
                    <label>Label for Point</label>
                    <comment>If empty, the default label 'Point' will be used.</comment>
                </field>
                <field id="point_names" translate="label comment" type="text" sortOrder="30"
                       showInDefault="1" showInWebsite="1" showInStore="1">
                    <label>Label for Points (plural)</label>
                    <comment>If empty, the default label 'Points' will be used.</comment>
                </field>
                <field id="point_image" translate="label comment" type="image" sortOrder="40"
                       showInDefault="1" showInWebsite="1" showInStore="1">
                    <label>Reward Points Image</label>
                    <backend_model>Magento\Config\Model\Config\Backend\Image</backend_model>
                    <upload_dir config="system/filesystem/media" scope_info="1">rewardpoints</upload_dir>
                    <base_url type="media" scope_info="1">rewardpoints</base_url>
                    <comment>Recommended size: 18x18px. If empty, the image on template will be used.</comment>
                </field>
                <field id="show_policy_menu" translate="label comment" type="select" sortOrder="50"
                       showInDefault="1" showInWebsite="1" showInStore="1">
                    <label>Use Reward Policy page</label>
                    <source_model>Magento\Config\Model\Config\Source\Yesno</source_model>
                </field>
                <field id="policy_page" translate="label comment" type="select" sortOrder="60"
                       showInDefault="1" showInWebsite="1" showInStore="1">
                    <label>Reward Policy page uses CMS</label>
                    <source_model>Magento\Cms\Model\Config\Source\Page</source_model>
                    <depends>
                        <field id="show_policy_menu">1</field>
                    </depends>
                </field>
                <field id="show_welcome_page" translate="label comment" type="select" sortOrder="70"
                       showInDefault="1" showInWebsite="1" showInStore="1">
                    <label>Use Reward Welcome page</label>
                    <source_model>Magento\Config\Model\Config\Source\Yesno</source_model>
                </field>
                <field id="welcome_page" translate="label comment" type="select" sortOrder="80"
                       showInDefault="1" showInWebsite="1" showInStore="1">
                    <label>Reward Welcome page uses CMS</label>
                    <source_model>Magento\Cms\Model\Config\Source\Page</source_model>
                    <depends>
                        <field id="show_welcome_page">1</field>
                    </depends>
                </field>
            </group>

            <!-- Create Earning Points Configuration-->
            <group id="earning" translate="label" type="text" sortOrder="20" showInDefault="1"
                   showInWebsite="1" showInStore="1">
                <label>Earning Points Configuration</label>

                <field id="rounding_method" translate="label comment" type="select" sortOrder="10"
                       showInDefault="1" showInWebsite="1" showInStore="1">
                    <label>Rounding Method</label>
                    <source_model>Magestore\Rewardpoints\Model\System\Config\Source\Rounding</source_model>
                    <comment>E.g: 10.2 points generated from an order can be rounded up to 11 points or down to 10 points. If you edit this field, let's reindex Catalog Earning Rules</comment>
                </field>
                <field id="expire" translate="label comment" type="text" sortOrder="20"
                       showInDefault="1" showInWebsite="1" showInStore="1">
                    <label>Points expire after</label>
                    <comment>day(s) since the transaction date.</comment>
                </field>
                <field id="max_balance" translate="label comment" type="text" sortOrder="30"
                       showInDefault="1" showInWebsite="1" showInStore="0">
                    <label>Number of points in balance allowed</label>
                    <comment>The maximum number of points allowed in Customer’s balance. If empty or zero, there is no limitation.</comment>
                </field>
                <field id="by_tax" translate="label comment" type="select" sortOrder="40"
                       showInDefault="1" showInWebsite="1" showInStore="1">
                    <label>Earn points from tax</label>
                    <source_model>Magento\Config\Model\Config\Source\Yesno</source_model>
                </field>
                <field id="by_shipping" translate="label comment" type="select" sortOrder="50"
                       showInDefault="1" showInWebsite="1" showInStore="1">
                    <label>Earn points from shipping fee</label>
                    <source_model>Magento\Config\Model\Config\Source\Yesno</source_model>
                </field>
                <field id="earn_when_spend" translate="label comment" type="select" sortOrder="60"
                       showInDefault="1" showInWebsite="1" showInStore="1">
                    <label>Allow earning points when using points to spend</label>
                    <source_model>Magento\Config\Model\Config\Source\Yesno</source_model>
                    <comment>If no, Customers can't receive any points from order when using points to spend.</comment>
                </field>
                <field id="earning_sales_separator" translate="label" type="text" sortOrder="70"
                       showInDefault="1" showInWebsite="1" showInStore="1">
                    <label>Sales Earning Process</label>
                    <frontend_model>Magestore\Rewardpoints\Block\Adminhtml\System\Config\Form\Field\Separator</frontend_model>
                </field>
                <field id="order_invoice" translate="label comment" type="select" sortOrder="80"
                       showInDefault="1" showInWebsite="1" showInStore="1">
                    <label>Allow receiving points when invoice is created</label>
                    <source_model>Magento\Config\Model\Config\Source\Yesno</source_model>
                    <comment>If no, Customers only receive points when the order is complete.</comment>
                </field>
                <field id="holding_days" translate="label comment" type="text" sortOrder="90"
                       showInDefault="1" showInWebsite="1" showInStore="1">
                    <label>Hold point transactions for</label>
                    <comment>day(s). If empty or zero, transaction is not held.</comment>
                </field>
            </group>

            <!-- Create Spending Points Configuration-->
            <group id="spending" translate="label" type="text" sortOrder="30" showInDefault="1"
                   showInWebsite="1" showInStore="1">
                <label>Spending Points Configuration</label>

                <field id="redeemable_points" translate="label comment" type="text" sortOrder="10"
                       showInDefault="1" showInWebsite="1" showInStore="1">
                    <label>Minimum redeemable points</label>
                    <comment>The minimum number of points in Customer's balance is allowed to redeem. If empty or zero, there is no limitation</comment>
                </field>
                <field id="max_points_per_order" translate="label comment" type="text" sortOrder="20"
                       showInDefault="1" showInWebsite="1" showInStore="1">
                    <label>Maximum spending points per order</label>
                    <comment>The maximum number of points Customers can redeem in an order. If empty or zero, there is no limitation</comment>
                </field>
                <field id="max_point_default" translate="label comment" type="select" sortOrder="30"
                       showInDefault="1" showInWebsite="1" showInStore="1">
                    <label>Use maximum points at checkout by default</label>
                    <source_model>Magento\Config\Model\Config\Source\Yesno</source_model>
                    <comment></comment>
                </field>
                <field id="spend_for_shipping" translate="label comment" type="select" sortOrder="40"
                       showInDefault="1" showInWebsite="1" showInStore="1">
                    <label>Allow using points for Shipping Fee</label>
                    <source_model>Magento\Config\Model\Config\Source\Yesno</source_model>
                    <comment></comment>
                </field>
            </group>

            <!-- Create Display Configuration-->
            <group id="display" translate="label" type="text" sortOrder="40" showInDefault="1"
                   showInWebsite="1" showInStore="1">
                <label>Display Configuration</label>

                <field id="toplink" translate="label comment" type="select" sortOrder="40"
                       showInDefault="1" showInWebsite="1" showInStore="1">
                    <label>Show total point balance next to My Account link</label>
                    <source_model>Magento\Config\Model\Config\Source\Yesno</source_model>
                    <comment></comment>
                </field>
                <field id="earning_display_separator" translate="label" type="text" sortOrder="50"
                       showInDefault="1" showInWebsite="1" showInStore="1">
                    <label>Display Collectible Points</label>
                    <frontend_model>Magestore\Rewardpoints\Block\Adminhtml\System\Config\Form\Field\Separator</frontend_model>
                </field>
                <field id="product" translate="label comment" type="select" sortOrder="60"
                       showInDefault="1" showInWebsite="1" showInStore="1">
                    <label>On Product Page</label>
                    <source_model>Magento\Config\Model\Config\Source\Yesno</source_model>
                    <comment></comment>
                </field>
                <field id="minicart" translate="label comment" type="select" sortOrder="70"
                       showInDefault="1" showInWebsite="1" showInStore="1">
                    <label>On Minicart</label>
                    <source_model>Magento\Config\Model\Config\Source\Yesno</source_model>
                    <comment></comment>
                </field>
            </group>

            <!-- Create Email Configuration-->
            <group id="email" translate="label" type="text" sortOrder="50" showInDefault="1"
                   showInWebsite="1" showInStore="1">
                <label>Email Configuration</label>

                <field id="enable" translate="label comment" type="select" sortOrder="10"
                       showInDefault="1" showInWebsite="1" showInStore="1">
                    <label>Enable notification email</label>
                    <source_model>Magento\Config\Model\Config\Source\Yesno</source_model>
                    <comment></comment>
                </field>
                <field id="sender" translate="label comment" type="select" sortOrder="20"
                       showInDefault="1" showInWebsite="1" showInStore="1">
                    <label>Sender</label>
                    <source_model>Magento\Config\Model\Config\Source\Email\Identity</source_model>
                    <comment></comment>
                </field>
                <field id="update_balance" translate="label comment" type="select" sortOrder="30"
                       showInDefault="1" showInWebsite="1" showInStore="1">
                    <label>Template of email sent to Customer when point balance is updated</label>
                    <source_model>Magento\Config\Model\Config\Source\Email\Template</source_model>
                    <comment></comment>
                </field>
                <field id="before_expire_transaction" translate="label comment" type="select" sortOrder="40"
                       showInDefault="1" showInWebsite="1" showInStore="1">
                    <label>Template of email sent to Customer before a transaction expires</label>
                    <source_model>Magento\Config\Model\Config\Source\Email\Template</source_model>
                    <comment></comment>
                </field>
                <field id="before_expire_days" translate="label comment" type="text" sortOrder="50"
                       showInDefault="1" showInWebsite="1" showInStore="1">
                    <label>Send reminder email before a transaction expires</label>
                    <comment>Number of days before a transaction expires. If empty or zero, no reminder email is sent.</comment>
                </field>
            </group>
        </section>
    </system>
</config>