<?xml version="1.0"?>
<!--
/**
 * @author Amasty Team
 * @copyright Copyright (c) 2016 Amasty (https://www.amasty.com)
 * @package Amasty_Base
 */
-->
<config xmlns:xsi="http://www.w3.org/2001/XMLSchema-instance" xsi:noNamespaceSchemaLocation="urn:magento:module:Magento_Config:etc/system_file.xsd">
    <system>
        <tab id="amasty" translate="label" sortOrder="999999" class="amasty-tab">
            <label>Amasty Extensions</label>
        </tab>
        <section id="amasty_base" translate="label" type="text" sortOrder="110" showInDefault="1" showInWebsite="1"
                 showInStore="1">
            <label><![CDATA[Extensions &amp; Notifications]]></label>
            <tab>amasty</tab>
            <resource>Amasty_Base::config</resource>
            <group id="extensions" translate="label" type="text" sortOrder="5" showInDefault="1" showInWebsite="0"
                   showInStore="0">
                <label>Installed Extensions</label>
                <frontend_model>Amasty\Base\Block\Extensions</frontend_model>
            </group>
        </section>
    </system>
</config>
