<?xml version="1.0" encoding="UTF-8"?>
<widgets xmlns:xsi="http://www.w3.org/2001/XMLSchema-instance" xsi:noNamespaceSchemaLocation="../../../Magento/Widget/etc/widget.xsd">
    <widget id="notification_rules" class="Mirasvit\Rewards\Block\Widget\NotificationRuleList" ttl="86400">
        <label translate="true">Notification Rules' messages</label>
        <description>Display messages from notification rules</description>
        <parameters>
            <parameter name="template" xsi:type="select" required="true" visible="true">
                <label translate="true">Template</label>
                <options>
                    <option name="default" value="widget/rule/notification.phtml" selected="true">
                        <label translate="true">Notification Rule Template</label>
                    </option>
                </options>
            </parameter>
        </parameters>
    </widget>
</widgets>