<?xml version="1.0"?>
<!--
/**
 * Magestore
 *
 * NOTICE OF LICENSE
 *
 * This source file is subject to the Magestore.com license that is
 * available through the world-wide-web at this URL:
 * http://www.magestore.com/license-agreement.html
 *
 * DISCLAIMER
 *
 * Do not edit or add to this file if you wish to upgrade this extension to newer
 * version in the future.
 *
 * @category    Magestore
 * @package     Magestore_Rewardpoints
 * @copyright   Copyright (c) 2012 Magestore (http://www.magestore.com/)
 * @license     http://www.magestore.com/license-agreement.html
 */
-->

<config xmlns:xsi="http://www.w3.org/2001/XMLSchema-instance"
        xsi:noNamespaceSchemaLocation="urn:magento:framework:Acl/etc/acl.xsd">
    <acl>
        <resources>
            <resource id="Magento_Backend::admin">
                <resource id="Magestore_Rewardpoints::Reward_Points" title="Reward Points" sortOrder="30">
                    <resource id="Magestore_Rewardpoints::Earning" title="Earning" sortOrder="10">
                        <resource id="Magestore_Rewardpoints::Earning_Rates" title="Earning Rates" sortOrder="10"/>
                    </resource>
                    <resource id="Magestore_Rewardpoints::Spending" title="Spending" sortOrder="20">
                        <resource id="Magestore_Rewardpoints::Spending_Rates" title="Spending Rates" sortOrder="10"/>
                    </resource>
                    <resource id="Magestore_Rewardpoints::Manage_Point_Balances" title="Manage Point Balances"
                              sortOrder="30"/>
                    <resource id="Magestore_Rewardpoints::Manage_transaction" title="Transactions" sortOrder="40"/>
                    <resource id="Magestore_Rewardpoints::settings" title="Settings" sortOrder="50"/>
                    <resource id="Magestore_Rewardpoints::api" title="REST API" sortOrder="60"></resource>
                </resource>
                <resource id="Magento_Backend::stores">
                    <resource id="Magento_Backend::stores_settings">
                        <resource id="Magento_Config::config">
                            <resource id="Magestore_Rewardpoints::config_rewardpoints" title="Reward Points Settings"/>
                        </resource>
                    </resource>
                </resource>
            </resource>
        </resources>
    </acl>
</config>