<?xml version="1.0"?>
<config xmlns:xsi="http://www.w3.org/2001/XMLSchema-instance" xsi:noNamespaceSchemaLocation="urn:magento:framework:Event/etc/events.xsd">
    <event name="layout_generate_blocks_after">
        <observer name="remove_block" instance="Magestore\Rewardpoints\Model\Observer\RemoveBlock" />
    </event>
    <!-- setEarningPoints to quote -->
    <event name="sales_quote_collect_totals_after">
        <observer name="rewardpoints_sales_quote_collect_totals_after" instance="Magestore\Rewardpoints\Model\Total\Quote\Earning" />
    </event>
    <!-- reset rewardpoint on quote before calculater -->
    <event name="sales_quote_collect_totals_before">
        <observer name="rewardpoints_sales_quote_collect_totals_before" instance="Magestore\Rewardpoints\Model\Total\Quote\ResetRewardpoints" />
    </event>
    <!-- convert rewardpoint from quote to order -->
    <event name="sales_model_service_quote_submit_before">
        <observer name="rewardpoints_sales_model_service_quote_submit_before" instance="Magestore\Rewardpoints\Observer\FieldSet" />
    </event>
    <!-- reset earning point for Guest order -->
    <event name="sales_order_save_before">
        <observer name="rewardpoints_sales_order_save_before" instance="Magestore\Rewardpoints\Observer\SalesOrderSaveBefore" />
    </event>
    <!-- proccess rewardpoint based on order state -->
    <event name="sales_order_save_after">
        <observer name="rewardpoints_sales_order_save_after" instance="Magestore\Rewardpoints\Observer\SalesOrderSaveAfter" />
    </event>
    <!-- create earning point when invoice is created -->
    <event name="sales_order_invoice_save_after">
        <observer name="rewardpoints_sales_order_invoice_save_after" instance="Magestore\Rewardpoints\Observer\SalesOrderInvoiceSaveAfter" />
    </event>
    <!-- create spending transaction -->
    <event name="sales_model_service_quote_submit_success">
        <observer name="rewardpoints_sales_model_service_quote_submit_success" instance="Magestore\Rewardpoints\Observer\SalesModelServiceQuoteSubmitSuccess" />
    </event>
</config>