<?xml version="1.0"?>
<!--
/**
 * Copyright © 2015 Magento. All rights reserved.
 * See COPYING.txt for license details.
 */
-->
<config xmlns:xsi="http://www.w3.org/2001/XMLSchema-instance" xsi:noNamespaceSchemaLocation="urn:magento:module:Magento_Sales:etc/sales.xsd">
  <section name="quote">
    <group name="totals">
      <item name="rewardpoints" instance="Magestore\Rewardpoints\Model\Total\Quote\Point" sort_order="420"/>
      <item name="rewardpoints_after_tax" instance="Magestore\Rewardpoints\Model\Total\Quote\PointAfterTax" sort_order="620"/>

      <item name="rewardpoints_label" instance="Magestore\Rewardpoints\Model\Total\Quote\Label">
        <renderer name="adminhtml" instance="Magestore\Rewardpoints\Block\Adminhtml\Cart\Label"/>
      </item>

    </group>

  </section>
  <section name="order_invoice">
    <group name="totals">
      <item name="rewardpoints" instance="Magestore\Rewardpoints\Model\Total\Invoice\Point" sort_order="420"/>
    </group>
  </section>
  <section name="order_creditmemo">
    <group name="totals">
      <item name="rewardpoints" instance="Magestore\Rewardpoints\Model\Total\Creditmemo\Point" sort_order="420"/>
    </group>
  </section>
</config>
