<?xml version="1.0"?>
<!--
/**
 * Copyright © 2015 Magento. All rights reserved.
 * See COPYING.txt for license details.
 */
-->
<config xmlns:xsi="http://www.w3.org/2001/XMLSchema-instance" xsi:noNamespaceSchemaLocation="urn:magento:module:Magento_Config:etc/system_file.xsd">
    <system>
        <section id="sociallogin" translate="label" type="text" sortOrder="300" showInDefault="1" showInWebsite="1" showInStore="1">
            <class>separator-top</class>
            <label>Social Login</label>
            <tab>mageplaza</tab>
            <resource>Mageplaza_SocialLogin::config_sociallogin</resource>
            <group id="general" translate="label" type="text" sortOrder="1" showInDefault="1" showInWebsite="1" showInStore="1">
                <label>General</label>
                <field id="is_enabled" translate="label comment" type="select" sortOrder="10" showInDefault="1" showInWebsite="1" showInStore="1">
                    <label>Enable</label>
                    <source_model>Magento\Config\Model\Config\Source\Yesno</source_model>
                </field>
                <field id="popup_effect" translate="label" type="select" sortOrder="20" showInDefault="1" showInWebsite="1" showInStore="1">
                    <label>Popup Effect</label>
                    <source_model>Mageplaza\SocialLogin\Model\System\Config\Source\Effect</source_model>
                </field>
                <field id="style_management" translate="label" type="select" sortOrder="40" showInDefault="1" showInWebsite="1" showInStore="1">
                    <label>Style Management</label>
                    <source_model>Mageplaza\SocialLogin\Model\System\Config\Source\Color</source_model>
                </field>
                <field id="custom_color" translate="label" type="text" sortOrder="45" showInDefault="1" showInWebsite="1" showInStore="1">
                    <label>Custom Color</label>
                    <validate>jscolor {hash:true,refine:false}</validate>
                    <depends>
                        <field id="style_management">custom</field>
                    </depends>
                </field>
                <field id="custom_css" translate="label" type="textarea" sortOrder="55" showInDefault="1" showInWebsite="1" showInStore="1">
                    <label>Custom CSS</label>
                </field>
            </group>
            <group id="facebook" translate="label" type="text" sortOrder="10" showInDefault="1" showInWebsite="1" showInStore="1">
                <label>Facebook</label>
                <field id="is_enabled" translate="label comment" type="select" sortOrder="10" showInDefault="1" showInWebsite="1" showInStore="1">
                    <label>Enable</label>
                    <source_model>Magento\Config\Model\Config\Source\Yesno</source_model>
                    <comment><![CDATA[Create app <a href="https://developers.facebook.com/apps" target="_bank">here</a>]]></comment>
                </field>
                <field id="app_id" translate="label" type="text" sortOrder="20" showInDefault="1" showInWebsite="1" showInStore="1">
                    <label>Facebook App Id</label>
                </field>
                <field id="app_secret" translate="label" type="text" sortOrder="30" showInDefault="1" showInWebsite="1" showInStore="1">
                    <label>Facebook App Secret</label>
                </field>
                <field id="redirect_url" translate="label" type="text" sortOrder="40" showInDefault="1" showInWebsite="1" showInStore="1">
                    <frontend_model>Mageplaza\SocialLogin\Block\System\Config\Form\Field\Redirect\Facebook</frontend_model>
                    <label>Valid OAuth redirect URIs</label>
                </field>
                <field id="send_password" translate="label comment" type="select" sortOrder="50" showInDefault="1" showInWebsite="1" showInStore="1">
                    <label>Send Password To Customer</label>
                    <source_model>Magento\Config\Model\Config\Source\Yesno</source_model>
                </field>
            </group>
            <group id="google" translate="label" type="text" sortOrder="20" showInDefault="1" showInWebsite="1" showInStore="1">
                <label>Google</label>
                <field id="is_enabled" translate="label comment" type="select" sortOrder="10" showInDefault="1" showInWebsite="1" showInStore="1">
                    <label>Enable</label>
                    <source_model>Magento\Config\Model\Config\Source\Yesno</source_model>
                    <comment><![CDATA[Create app <a href="https://code.google.com/apis/console/" target="_bank">here</a>]]></comment>
                </field>
                <field id="app_id" translate="label" type="text" sortOrder="20" showInDefault="1" showInWebsite="1" showInStore="1">
                    <label>Client ID</label>
                </field>
                <field id="app_secret" translate="label" type="text" sortOrder="30" showInDefault="1" showInWebsite="1" showInStore="1">
                    <label>Client Secret</label>
                </field>
                <field id="redirect_url" translate="label" type="text" sortOrder="40" showInDefault="1" showInWebsite="1" showInStore="1">
                    <frontend_model>Mageplaza\SocialLogin\Block\System\Config\Form\Field\Redirect\Google</frontend_model>
                    <label>REDIRECT URIS</label>
                </field>
                <field id="send_password" translate="label comment" type="select" sortOrder="50" showInDefault="1" showInWebsite="1" showInStore="1">
                    <label>Send Password To Customer</label>
                    <source_model>Magento\Config\Model\Config\Source\Yesno</source_model>
                </field>
            </group>
            <group id="twitter" translate="label" type="text" sortOrder="30" showInDefault="1" showInWebsite="1" showInStore="1">
                <label>Twitter</label>
                <field id="is_enabled" translate="label comment" type="select" sortOrder="10" showInDefault="1" showInWebsite="1" showInStore="1">
                    <label>Enable</label>
                    <source_model>Magento\Config\Model\Config\Source\Yesno</source_model>
                    <comment><![CDATA[Create app <a href="https://dev.twitter.com/apps" target="_bank">here</a>]]></comment>
                </field>
                <field id="app_id" translate="label" type="text" sortOrder="20" showInDefault="1" showInWebsite="1" showInStore="1">
                    <label>Consumer Key</label>
                </field>
                <field id="app_secret" translate="label" type="text" sortOrder="30" showInDefault="1" showInWebsite="1" showInStore="1">
                    <label>Consumer Secret</label>
                </field>
                <field id="redirect_url" type="text" sortOrder="40" showInDefault="1" showInWebsite="1" showInStore="1">
                    <frontend_model>Mageplaza\SocialLogin\Block\System\Config\Form\Field\Redirect\Twitter</frontend_model>
                    <label>Callback URL</label>
                </field>
                <field id="send_password" translate="label comment" type="select" sortOrder="50" showInDefault="1" showInWebsite="1" showInStore="1">
                    <label>Send Password To Customer</label>
                    <source_model>Magento\Config\Model\Config\Source\Yesno</source_model>
                </field>
            </group>
            <group id="linkedin" translate="label" type="text" sortOrder="40" showInDefault="1" showInWebsite="1" showInStore="1">
                <label>LinkedIn</label>
                <field id="is_enabled" translate="label comment" type="select" sortOrder="10" showInDefault="1" showInWebsite="1" showInStore="1">
                    <label>Enable</label>
                    <source_model>Magento\Config\Model\Config\Source\Yesno</source_model>
                    <comment><![CDATA[Create app <a href="https://www.linkedin.com/secure/developer" target="_bank">here</a>]]></comment>
                </field>
                <field id="app_id" translate="label" type="text" sortOrder="20" showInDefault="1" showInWebsite="1" showInStore="1">
                    <label>API Key</label>
                </field>
                <field id="app_secret" translate="label" type="text" sortOrder="30" showInDefault="1" showInWebsite="1" showInStore="1">
                    <label>Client Key</label>
                </field>
                <field id="redirect_url" type="text" sortOrder="40" showInDefault="1" showInWebsite="1" showInStore="1">
                    <frontend_model>Mageplaza\SocialLogin\Block\System\Config\Form\Field\Redirect\LinkedIn</frontend_model>
                    <label>Redirect URL</label>
                </field>
                <field id="send_password" translate="label comment" type="select" sortOrder="50" showInDefault="1" showInWebsite="1" showInStore="1">
                    <label>Send Password To Customer</label>
                    <source_model>Magento\Config\Model\Config\Source\Yesno</source_model>
                </field>
            </group>
            <group id="instagram" translate="label" type="text" sortOrder="50" showInDefault="1" showInWebsite="1" showInStore="1">
                <label>Instagram</label>
                <field id="is_enabled" translate="label comment" type="select" sortOrder="10" showInDefault="1" showInWebsite="1" showInStore="1">
                    <label>Enable</label>
                    <source_model>Magento\Config\Model\Config\Source\Yesno</source_model>
                    <comment><![CDATA[Create app <a href="http://instagram.com/developer/clients/manage/" target="_bank">here</a>]]></comment>
                </field>
                <field id="app_id" translate="label" type="text" sortOrder="20" showInDefault="1" showInWebsite="1" showInStore="1">
                    <label>Client ID</label>
                </field>
                <field id="app_secret" translate="label" type="text" sortOrder="30" showInDefault="1" showInWebsite="1" showInStore="1">
                    <label>Client Secret</label>
                </field>
                <field id="redirect_url" translate="label" type="text" sortOrder="40" showInDefault="1" showInWebsite="1" showInStore="1">
                    <frontend_model>Mageplaza\SocialLogin\Block\System\Config\Form\Field\Redirect\Instagram</frontend_model>
                    <label>REDIRECT URIS</label>
                </field>
                <field id="send_password" translate="label comment" type="select" sortOrder="50" showInDefault="1" showInWebsite="1" showInStore="1">
                    <label>Send Password To Customer</label>
                    <source_model>Magento\Config\Model\Config\Source\Yesno</source_model>
                </field>
            </group>
            <group id="yahoo" translate="label" type="text" sortOrder="70" showInDefault="1" showInWebsite="1" showInStore="1">
                <label>Yahoo</label>
                <field id="is_enabled" translate="label comment" type="select" sortOrder="10" showInDefault="1" showInWebsite="1" showInStore="1">
                    <label>Enable</label>
                    <source_model>Magento\Config\Model\Config\Source\Yesno</source_model>
                    <comment><![CDATA[Create app <a href="https://developer.yahoo.com/apps/" target="_bank">here</a>]]></comment>
                </field>
                <field id="app_id" translate="label" type="text" sortOrder="30" showInDefault="1" showInWebsite="1" showInStore="1">
                    <label>Client ID</label>
                </field>
                <field id="app_secret" translate="label" type="text" sortOrder="40" showInDefault="1" showInWebsite="1" showInStore="1">
                    <label>Client Secret</label>
                </field>
                <field id="send_password" translate="label comment" type="select" sortOrder="60" showInDefault="1" showInWebsite="1" showInStore="1">
                    <label>Send Password To Customer</label>
                    <source_model>Magento\Config\Model\Config\Source\Yesno</source_model>
                </field>
            </group>
            <group id="github" translate="label" type="text" sortOrder="90" showInDefault="1" showInWebsite="1" showInStore="1">
                <label>Github</label>
                <field id="is_enabled" translate="label comment" type="select" sortOrder="10" showInDefault="1" showInWebsite="1" showInStore="1">
                    <label>Enable</label>
                    <source_model>Magento\Config\Model\Config\Source\Yesno</source_model>
                    <comment><![CDATA[Create app <a href="https://github.com/settings/applications/new" target="_bank">here</a>]]></comment>
                </field>
                <field id="app_id" translate="label" type="text" sortOrder="20" showInDefault="1" showInWebsite="1" showInStore="1">
                    <label>Client ID</label>
                </field>
                <field id="app_secret" translate="label" type="text" sortOrder="30" showInDefault="1" showInWebsite="1" showInStore="1">
                    <label>Client Secret</label>
                </field>
                <field id="redirect_url" translate="label" type="text" sortOrder="40" showInDefault="1" showInWebsite="1" showInStore="1">
                    <frontend_model>Mageplaza\SocialLogin\Block\System\Config\Form\Field\Redirect\Github</frontend_model>
                    <label>Callback Url</label>
                </field>
                <field id="send_password" translate="label comment" type="select" sortOrder="50" showInDefault="1" showInWebsite="1" showInStore="1">
                    <label>Send Password To Customer</label>
                    <source_model>Magento\Config\Model\Config\Source\Yesno</source_model>
                </field>
            </group>
            <group id="vkontakte" translate="label" type="text" sortOrder="100" showInDefault="1" showInWebsite="1" showInStore="1">
                <label>Vkontakte</label>
                <field id="is_enabled" translate="label comment" type="select" sortOrder="10" showInDefault="1" showInWebsite="1" showInStore="1">
                    <label>Enable</label>
                    <source_model>Magento\Config\Model\Config\Source\Yesno</source_model>
                    <comment><![CDATA[Create app <a href="https://new.vk.com/dev" target="_bank">here</a>]]></comment>
                </field>
                <field id="app_id" translate="label" type="text" sortOrder="20" showInDefault="1" showInWebsite="1" showInStore="1">
                    <label>Application ID</label>
                </field>
                <field id="app_secret" translate="label" type="text" sortOrder="30" showInDefault="1" showInWebsite="1" showInStore="1">
                    <label>Secure Key</label>
                </field>
                <field id="send_password" translate="label comment" type="select" sortOrder="50" showInDefault="1" showInWebsite="1" showInStore="1">
                    <label>Send Password To Customer</label>
                    <source_model>Magento\Config\Model\Config\Source\Yesno</source_model>
                </field>
            </group>
            <group id="foursquare" translate="label" type="text" sortOrder="110" showInDefault="1" showInWebsite="1" showInStore="1">
                <label>Foursquare</label>
                <field id="is_enabled" translate="label comment" type="select" sortOrder="10" showInDefault="1" showInWebsite="1" showInStore="1">
                    <label>Enable</label>
                    <source_model>Magento\Config\Model\Config\Source\Yesno</source_model>
                    <comment><![CDATA[Create app <a href="https://www.foursquare.com/oauth/" target="_bank">here</a>]]></comment>
                </field>
                <field id="app_id" translate="label" type="text" sortOrder="20" showInDefault="1" showInWebsite="1" showInStore="1">
                    <label>Client ID</label>
                </field>
                <field id="app_secret" translate="label" type="text" sortOrder="30" showInDefault="1" showInWebsite="1" showInStore="1">
                    <label>Client Secret</label>
                </field>
                <field id="redirect_url" translate="label" type="text" sortOrder="40" showInDefault="1" showInWebsite="1" showInStore="1">
                    <frontend_model>Mageplaza\SocialLogin\Block\System\Config\Form\Field\Redirect\Foursquare</frontend_model>
                    <label>Callback Url</label>
                </field>
                <field id="send_password" translate="label comment" type="select" sortOrder="50" showInDefault="1" showInWebsite="1" showInStore="1">
                    <label>Send Password To Customer</label>
                    <source_model>Magento\Config\Model\Config\Source\Yesno</source_model>
                </field>
            </group>
            <group id="live" translate="label" type="text" sortOrder="130" showInDefault="1" showInWebsite="1" showInStore="1">
                <label>Live</label>
                <field id="is_enabled" translate="label comment" type="select" sortOrder="10" showInDefault="1" showInWebsite="1" showInStore="1">
                    <label>Enable</label>
                    <source_model>Magento\Config\Model\Config\Source\Yesno</source_model>
                    <comment><![CDATA[Create app <a href="https://account.live.com/developers/applications/create" target="_bank">here</a>]]></comment>
                </field>
                <field id="app_id" translate="label" type="text" sortOrder="20" showInDefault="1" showInWebsite="1" showInStore="1">
                    <label>Application ID</label>
                </field>
                <field id="app_secret" translate="label" type="text" sortOrder="30" showInDefault="1" showInWebsite="1" showInStore="1">
                    <label>Application Secret</label>
                </field>
                <!--<field id="redirect_url" translate="label" type="text" sortOrder="40" showInDefault="1" showInWebsite="1" showInStore="1">-->
                    <!--<frontend_model>Mageplaza\SocialLogin\Block\System\Config\Form\Field\Redirect\Live</frontend_model>-->
                    <!--<label>Callback Url</label>-->
                <!--</field>-->
                <field id="send_password" translate="label comment" type="select" sortOrder="40" showInDefault="1" showInWebsite="1" showInStore="1">
                    <label>Send Password To Customer</label>
                    <source_model>Magento\Config\Model\Config\Source\Yesno</source_model>
                </field>
            </group>
        </section>
    </system>
</config>
