<?xml version="1.0"?>
<!--
  ~ Copyright © 2016 Magestore. All rights reserved.
  ~ See COPYING.txt for license details.
-->
<config xmlns:xsi="http://www.w3.org/2001/XMLSchema-instance" xsi:noNamespaceSchemaLocation="urn:magento:framework:ObjectManager/etc/config.xsd">
    <virtualType name="Magento\Catalog\Ui\DataProvider\Product\Form\Modifier\Pool">
        <arguments>
            <argument name="modifiers" xsi:type="array">
                <item name="os-barcode-labels" xsi:type="array">
                    <item name="class" xsi:type="string">Magestore\BarcodeSuccess\Ui\DataProvider\Product\Form\Modifier\Barcode</item>
                    <item name="sortOrder" xsi:type="number">100</item>
                </item>
                <item name="os-barcode-label" xsi:type="array">
                    <item name="class" xsi:type="string">Magestore\BarcodeSuccess\Ui\DataProvider\Product\Form\Modifier\BarcodeLabel</item>
                    <item name="sortOrder" xsi:type="number">101</item>
                </item>
            </argument>
        </arguments>
    </virtualType>
    <virtualType name="Magestore\BarcodeSuccess\Ui\DataProvider\Barcode\Form\Modifier\Pool" type="Magento\Ui\DataProvider\Modifier\Pool">
        <arguments>
            <argument name="modifiers" xsi:type="array">
                <item name="barcode_general_info" xsi:type="array">
                    <item name="class" xsi:type="string">Magestore\BarcodeSuccess\Ui\DataProvider\Barcode\Form\Modifier\General</item>
                    <item name="sortOrder" xsi:type="number">5</item>
                </item>
                <item name="barcode_product" xsi:type="array">
                    <item name="class" xsi:type="string">Magestore\BarcodeSuccess\Ui\DataProvider\Barcode\Form\Modifier\Product</item>
                    <item name="sortOrder" xsi:type="number">10</item>
                </item>
            </argument>
        </arguments>
    </virtualType>
    <virtualType name="Magestore\BarcodeSuccess\Ui\DataProvider\History\Form\Modifier\Pool" type="Magento\Ui\DataProvider\Modifier\Pool">
        <arguments>
            <argument name="modifiers" xsi:type="array">

            </argument>
        </arguments>
    </virtualType>
    <type name="Magestore\BarcodeSuccess\Ui\DataProvider\Barcode\Form\BarcodeDataProvider">
        <arguments>
            <argument name="pool" xsi:type="object">Magestore\BarcodeSuccess\Ui\DataProvider\Barcode\Form\Modifier\Pool</argument>
        </arguments>
    </type>
    <type name="Magestore\BarcodeSuccess\Ui\DataProvider\History\Form\HistoryDataProvider">
        <arguments>
            <argument name="pool" xsi:type="object">Magestore\BarcodeSuccess\Ui\DataProvider\History\Form\Modifier\Pool</argument>
        </arguments>
    </type>
</config>
