<?xml version="1.0"?>
<!--
Copyright © 2016 Magestore. All rights reserved.
See COPYING.txt for license details.
-->

<config xmlns:xsi="http://www.w3.org/2001/XMLSchema-instance" xsi:noNamespaceSchemaLocation="urn:magento:module:Magento_Config:etc/system_file.xsd">
    <system>
        <tab id="magestore" translate="label" sortOrder="100">
            <label>magestore</label>
        </tab>
        <section id="barcodesuccess" translate="label" type="text" sortOrder="10" showInDefault="1" showInWebsite="1" showInStore="1">
            <class>separator-top</class>
            <label>Barcode Configuration</label>
            <tab>magestore</tab>
            <resource>Magestore_BarcodeSuccess::configuration</resource>
            <group id="general" translate="label" sortOrder="1" type="text" showInDefault="1" showInWebsite="0">
                <label>General Configuration</label>
                <field id="one_barcode_per_sku" translate="label comment" sortOrder="10" type="select" showInDefault="1" showInWebsite="1"
                       showInStore="1">
                    <label>One barcode per product sku</label>
                    <source_model>Magento\Config\Model\Config\Source\Yesno</source_model>
                </field>
                <field id="barcode_pattern" translate="label comment" sortOrder="20" type="text" showInDefault="1" showInWebsite="1"
                       showInStore="1">
                    <label>Barcode pattern</label>
                    <comment><![CDATA[Used to generate barcodes. For example:<br/><strong>[A.8] : 8 alpha characters<br/>[N.4] : 4 numeric characters<br/>[AN.6] : 6 alphanumeric characters<br/>BAR[A.4][AN.6] : BARADFA12NF0O</strong>]]></comment>
                </field>
                <field id="default_barcode_template" translate="label comment" sortOrder="30" type="select" showInDefault="1" showInWebsite="1"
                       showInStore="1">
                    <label>Default barcode template for printing</label>
                    <source_model>Magestore\BarcodeSuccess\Model\Source\Config\Template</source_model>
                </field>
            </group>
        </section>
    </system>
</config>